index,DateTime,Lat.,Long.,Fatalities,Magnitude,Month,Hour,Fatalities_bool
0,1981-01-19 15:11:00,-4.576,139.232,305,6.7,1,15,True
1,1981-01-23 21:13:00,30.93,101.1,150,6.8,1,21,True
2,1981-10-25 03:22:00,18.05,-102.08,3,7.3,10,3,True
3,1982-12-13 09:12:00,14.7,44.38,2800,6.2,12,9,True
4,1983-10-28 14:06:00,44.09,-113.8,2,7.0,10,14,True
5,1983-10-30 07:12:00,40.33,42.19,1342,6.9,10,7,True
6,1983-12-22 04:11:00,-11.866,13.259,500,6.3,12,4,True
7,1985-03-03 19:47:00,-33.24,-71.85,177,7.8,3,19,True
8,1985-04-08 21:56:00,-34.04,-71.39,2,7.5,4,21,True
9,1985-09-19 13:17:00,18.44,-102.36,10000,8.0,9,13,True
10,1986-10-10 17:49:00,13.827,-89.118,1500,5.4,10,17,True
11,1987-03-06 04:10:00,-0.0,77.7,5000,7.1,3,4,True
12,1987-10-01 14:42:00,34.06,-118.13,8,5.9,10,14,True
13,1988-08-20 23:09:00,-26.71,86.62,709,6.9,8,23,True
14,1988-11-06 13:03:00,22.789,99.611,938,7.7,11,13,True
15,1988-12-07 07:41:00,40.93,44.11,25000,6.8,12,7,True
16,1989-01-22 23:02:00,-38.47,-68.69,274,5.5,1,23,True
17,1989-08-21 00:18:00,4.511,139.022,120,6.0,8,0,True
18,1989-10-17 17:04:00,37.14,-121.76,63,6.9,10,17,True
19,1989-12-28 10:27:00,-32.95,151.61,13,5.6,12,10,True
20,1990-06-14 15:41:00,11.34,122.1,8,7.1,6,15,True
21,1990-06-21 00:30:00,36.96,49.41,40000,7.4,6,0,True
22,1990-07-16 16:26:00,15.7,121.2,1621,7.9,7,16,True
23,1991-04-29 09:12:00,42.453,43.673,270,7.0,4,9,True
24,1991-10-20 02:53:00,30.75,78.82,768,6.8,10,2,True
25,1992-03-13 17:18:00,39.7,39.69,652,6.8,3,17,True
26,1992-06-28 11:57:00,34.2,-116.52,3,7.3,6,11,True
27,1992-09-02 00:16:00,11.77,-87.35,116,7.7,9,0,True
28,1992-10-12 13:09:00,29.778,31.144,545,5.8,10,13,True
29,1992-12-12 05:29:00,8.48,121.896,2500,7.8,12,5,True
30,1993-07-12 13:17:00,42.851,139.197,230,7.7,7,13,True
31,1993-09-29 22:25:00,18.08,76.52,9748,6.2,9,22,True
32,1994-01-17 12:30:00,34.18,-118.56,57,6.7,1,12,True
33,1994-02-15 17:07:00,-4.967,-104.302,207,6.9,2,17,True
35,1994-06-06 20:47:00,2.917,76.057,1100,6.8,6,20,True
36,1994-06-09 00:33:00,-13.86,-67.49,5,8.2,6,0,True
37,1994-10-04 13:22:00,43.706,147.328,10,8.2,10,13,True
38,1994-11-15 03:15:00,13.53,121.08,78,7.1,11,3,True
39,1994-12-28 12:19:00,40.451,143.491,2,7.7,12,12,True
40,1995-01-17 05:46:00,34.57,135.03,6434,6.9,1,5,True
41,1995-05-27 23:03:00,52.629,142.827,1995,7.1,5,23,True
42,1995-07-30 05:11:00,-23.34,-70.294,3,8.0,7,5,True
43,1995-09-14 14:04:00,16.779,-98.597,3,7.4,9,14,True
44,1995-10-01 17:57:00,38.06,30.13,90,6.1,10,17,True
45,1995-10-09 15:35:00,19.055,-104.205,49,8.0,10,15,True
46,1995-10-23 22:46:00,26.003,102.227,53,6.2,10,22,True
47,1996-02-03 19:14:00,27.3,100.29,322,6.6,2,19,True
48,1996-02-17 05:59:00,-0.891,136.952,108,8.1,2,5,True
49,1996-05-03 03:32:00,40.774,109.661,26,6.4,5,3,True
50,1996-11-12 16:59:00,-14.993,75.675,14,7.5,11,16,True
51,1997-02-28 12:57:00,38.08,48.05,1100,6.1,2,12,True
52,1997-05-10 07:57:00,33.844,59.81,1567,7.3,5,7,True
53,1997-05-22 22:51:00,-23.1,80.14,56,5.8,5,22,True
54,1997-07-09 19:24:00,-10.45,63.58,81,6.9,7,19,True
55,1997-09-26 09:40:00,43.084,12.812,11,6.1,9,9,True
56,1997-10-15 01:03:00,30.93,71.22,8,7.1,10,1,True
57,1998-01-30 12:16:00,-23.91,-70.2,1,7.1,1,12,True
58,1998-02-04 14:33:00,37.17,70.14,4000,5.9,2,14,True
59,1998-05-22 00:48:00,-17.91,-65.47,105,6.6,5,0,True
60,1998-05-30 06:22:00,37.17,70.09,4500,6.5,5,6,True
61,1998-06-27 16:55:00,36.88,35.31,146,6.2,6,16,True
62,1998-07-17 08:49:00,-2.94,142.58,2183,7.0,7,8,True
63,1998-11-19 11:38:00,27.27,101.03,5,6.2,11,11,True
64,1999-01-25 13:19:00,4.45,-75.65,1900,6.2,1,13,True
65,1999-03-28 19:05:00,30.408,79.416,103,6.8,3,19,True
66,1999-08-17 00:01:00,40.7,29.99,17127,7.4,8,0,True
67,1999-09-07 11:56:00,38.06,23.51,143,6.0,9,11,True
68,1999-09-20 17:47:00,23.82,120.86,2415,7.7,9,17,True
69,1999-11-12 16:57:00,40.82,31.23,894,7.2,11,16,True
70,2000-01-14 23:37:00,25.61,101.06,7,5.9,1,23,True
71,2000-05-04 04:21:00,-1.105,123.573,46,7.6,5,4,True
72,2000-06-04 23:30:00,4.72,102.08,103,7.9,6,23,True
73,2000-07-07 13:30:00,11.884,-85.988,7,5.4,7,13,True
74,2000-11-16 04:54:00,-4.0,152.33,2,8.0,11,4,True
75,2000-11-25 18:10:00,40.37,49.89,26,7.0,11,18,True
76,2001-01-01 06:57:00,6.898,126.579,0,7.5,1,6,False
77,2001-01-09 16:49:00,-14.927999999999999,167.17,0,7.1,1,16,False
78,2001-01-10 16:02:00,57.078,-153.211,0,7.0,1,16,False
79,2001-01-13 17:33:00,13.049000000000001,-88.66,944,7.7,1,17,True
80,2001-01-26 03:16:00,23.419,70.232,20085,7.7,1,3,True
81,2001-02-13 14:22:00,13.671,-88.93799999999999,315,6.6,2,14,True
82,2001-02-13 19:28:00,-4.68,102.56200000000001,0,7.4,2,19,False
83,2001-02-17 20:25:00,13.79,-89.11,1,4.1,2,20,True
84,2001-02-23 00:09:00,29.513,101.12899999999999,3,5.6,2,0,True
85,2001-02-24 07:23:00,1.271,126.249,0,7.1,2,7,False
86,2001-02-28 18:54:00,47.148999999999994,-122.727,1,6.8,2,18,True
87,2001-03-24 06:27:00,34.083,132.526,2,6.8,3,6,True
88,2001-04-12 10:47:00,24.768,99.061,2,5.6,4,10,True
89,2001-05-08 18:02:00,13.605,-88.795,1,5.7,5,18,True
90,2001-05-23 21:10:00,27.689,101.00299999999999,2,5.5,5,21,True
91,2001-06-01 14:00:00,35.169000000000004,69.389,4,5.0,6,14,True
92,2001-06-03 02:41:00,-29.666,-178.63299999999998,0,7.2,6,2,False
93,2001-06-21 19:55:00,49.147,6.87,1,4.2,6,19,True
94,2001-06-23 20:33:00,-16.265,-73.641,74,8.4,6,20,True
95,2001-07-07 09:38:00,-17.543,-72.077,1,7.6,7,9,True
96,2001-07-17 15:06:00,46.735,11.200999999999999,3,4.7,7,15,True
97,2001-07-24 05:00:00,-19.448,-69.255,1,6.4,7,5,True
98,2001-08-09 02:06:00,-14.258,-72.683,4,5.8,8,2,True
99,2001-08-21 06:52:00,-36.813,-179.575,0,7.1,8,6,False
100,2001-10-12 15:02:00,12.686,144.98,0,7.0,10,15,False
101,2001-10-19 03:28:00,-4.102,123.90700000000001,0,7.5,10,3,False
102,2001-10-27 05:35:00,26.316,100.648,1,5.6,10,5,True
103,2001-10-31 09:10:00,-5.912000000000001,150.196,0,7.0,10,9,False
104,2001-11-14 09:26:00,35.946,90.541,0,7.8,11,9,False
105,2001-12-04 05:57:00,-15.35,-72.516,2,5.8,12,5,True
106,2001-12-12 14:02:00,-42.813,124.68799999999999,0,7.1,12,14,False
107,2002-01-02 17:22:00,-17.6,167.856,0,7.2,1,17,False
108,2002-01-09 06:45:00,38.673,69.902,3,5.3,1,6,True
109,2002-01-10 11:14:00,-3.2119999999999997,142.42700000000002,1,6.7,1,11,True
110,2002-01-17 20:01:00,-1.6840000000000002,29.076999999999998,7,4.7,1,20,True
111,2002-01-21 14:34:00,38.664,27.881,1,4.6,1,14,True
112,2002-01-22 04:53:00,35.79,26.616999999999997,1,6.2,1,4,True
113,2002-02-03 07:11:00,38.573,31.271,44,6.5,2,7,True
114,2002-02-17 13:03:00,28.093000000000004,51.755,1,5.4,2,13,True
115,2002-03-03 12:08:00,36.501999999999995,70.482,166,7.4,3,12,True
116,2002-03-05 21:16:00,6.0329999999999995,124.249,15,7.5,3,21,True
117,2002-03-25 14:56:00,36.062,69.315,1000,6.1,3,14,True
118,2002-03-31 06:52:00,24.279,122.179,5,7.1,3,6,True
119,2002-04-01 06:14:00,-6.191,147.421,36,5.3,4,6,True
120,2002-04-12 04:00:00,35.959,69.417,50,5.9,4,4,True
121,2002-04-22 04:57:00,-12.386,-76.518,1,4.4,4,4,True
122,2002-04-24 10:51:00,42.43600000000001,21.465999999999998,1,5.7,4,10,True
123,2002-04-24 19:48:00,34.641999999999996,47.4,2,5.4,4,19,True
124,2002-04-25 17:41:00,41.765,44.96,5,4.8,4,17,True
125,2002-04-26 16:06:00,13.088,144.619,0,7.1,4,16,False
126,2002-05-15 03:46:00,24.636,121.92200000000001,1,6.2,5,3,True
127,2002-05-18 15:15:00,-2.907,33.733000000000004,2,5.5,5,15,True
128,2002-06-22 02:58:00,35.626,49.047,261,6.5,6,2,True
129,2002-06-28 17:19:00,43.751999999999995,130.666,0,7.3,6,17,False
130,2002-08-19 11:01:00,-21.695999999999998,-179.513,0,7.7,8,11,False
131,2002-08-19 11:08:00,-23.884,178.495,0,7.7,8,11,False
132,2002-09-06 01:21:00,38.381,13.700999999999999,2,6.0,9,1,True
133,2002-09-08 18:44:00,-3.302,142.945,4,7.6,9,18,True
134,2002-09-13 22:28:00,13.036,93.068,2,6.5,9,22,True
135,2002-10-10 10:50:00,-1.757,134.297,8,7.6,10,10,True
136,2002-10-24 06:08:00,-1.8840000000000001,29.004,2,6.2,10,6,True
137,2002-10-31 10:32:00,41.788999999999994,14.872,29,5.9,10,10,True
138,2002-11-01 22:09:00,35.516999999999996,74.654,11,5.4,11,22,True
139,2002-11-02 01:26:00,2.824,96.085,3,7.4,11,1,True
140,2002-11-03 22:12:00,63.516999999999996,-147.444,0,7.9,11,22,False
141,2002-11-17 04:53:00,47.824,146.209,0,7.3,11,4,False
142,2002-11-20 21:32:00,35.414,74.515,19,6.3,11,21,True
143,2002-12-14 13:27:00,39.736,97.443,2,5.6,12,13,True
144,2003-01-20 08:43:00,-10.491,160.77,0,7.3,1,8,False
145,2003-01-21 02:46:00,13.626,-90.774,1,6.5,1,2,True
146,2003-01-22 02:06:00,18.77,-104.104,29,7.6,1,2,True
147,2003-01-27 05:26:00,39.5,39.878,1,6.1,1,5,True
148,2003-02-24 02:03:00,39.61,77.23,261,6.3,2,2,True
149,2003-02-25 03:52:00,39.483000000000004,77.393,5,5.4,2,3,True
150,2003-03-17 16:36:00,51.272,177.97799999999998,0,7.1,3,16,False
151,2003-03-25 02:53:00,-8.294,120.743,4,6.5,3,2,True
152,2003-03-29 11:46:00,35.976,70.585,1,5.9,3,11,True
153,2003-05-01 00:27:00,39.007,40.464,177,6.4,5,0,True
154,2003-05-01 15:44:00,39.43,77.219,1,5.8,5,15,True
155,2003-05-21 18:44:00,36.964,3.634,2266,6.8,5,18,True
156,2003-05-26 09:24:00,38.849000000000004,141.56799999999998,0,7.0,5,9,False
157,2003-05-26 19:23:00,2.354,128.855,1,7.0,5,19,True
158,2003-05-27 17:11:00,36.939,3.5780000000000003,9,5.8,5,17,True
159,2003-06-20 06:19:00,-7.606,-71.722,0,7.1,6,6,False
160,2003-06-24 13:01:00,32.927,49.475,1,4.6,6,13,True
161,2003-07-10 17:06:00,28.355,54.169,1,5.8,7,17,True
162,2003-07-15 20:27:00,-2.5980000000000003,68.382,0,7.6,7,20,False
163,2003-07-21 15:16:00,25.975,101.29,16,6.0,7,15,True
164,2003-07-26 23:18:00,22.854,92.306,2,5.7,7,23,True
165,2003-08-04 04:37:00,-60.532,-43.411,0,7.6,8,4,False
166,2003-08-16 10:58:00,43.77,119.64299999999999,4,5.4,8,10,True
167,2003-08-21 12:12:00,-45.104,167.144,0,7.2,8,12,False
168,2003-09-22 04:45:00,19.777,-70.673,3,6.4,9,4,True
169,2003-09-25 19:50:00,41.815,143.91,0,8.3,9,19,False
170,2003-09-25 21:08:00,41.773999999999994,143.593,0,7.4,9,21,False
171,2003-09-27 11:33:00,50.038000000000004,87.81299999999999,3,7.3,9,11,True
172,2003-10-16 12:28:00,25.954,101.25399999999999,3,5.6,10,12,True
173,2003-10-25 12:41:00,38.4,100.95100000000001,9,5.8,10,12,True
174,2003-10-31 01:06:00,37.812,142.619,0,7.0,10,1,False
175,2003-11-13 02:35:00,34.711999999999996,103.834,1,5.1,11,2,True
176,2003-11-14 18:49:00,27.372,103.971,4,5.6,11,18,True
177,2003-11-17 06:43:00,51.146,178.65,0,7.8,11,6,False
178,2003-11-18 17:14:00,12.025,125.416,1,6.5,11,17,True
179,2003-12-01 01:38:00,42.905,80.515,11,6.0,12,1,True
180,2003-12-22 19:15:00,35.705999999999996,-121.102,2,6.6,12,19,True
181,2003-12-25 07:11:00,8.416,-82.824,2,6.5,12,7,True
182,2003-12-26 01:56:00,29.004,58.336999999999996,26271,6.6,12,1,True
183,2003-12-27 16:00:00,-22.033,169.65,0,7.3,12,16,False
184,2004-01-01 20:59:00,-8.31,115.788,1,5.8,1,20,True
185,2004-01-03 16:23:00,-22.253,169.683,0,7.1,1,16,False
186,2004-02-05 21:05:00,-3.615,135.53799999999998,37,7.0,2,21,True
187,2004-02-07 02:42:00,-4.003,135.023,37,7.3,2,2,True
188,2004-02-14 10:30:00,34.774,73.21600000000001,24,5.5,2,10,True
189,2004-02-16 14:44:00,-0.466,100.655,5,5.1,2,14,True
190,2004-02-24 02:14:00,-3.3930000000000002,29.558000000000003,3,4.7,2,2,True
191,2004-02-24 02:27:00,35.141999999999996,-3.997,631,6.4,2,2,True
192,2004-03-01 23:55:00,38.058,38.277,6,3.8,3,23,True
193,2004-03-25 19:30:00,39.93,40.812,10,5.6,3,19,True
194,2004-04-05 21:24:00,36.527,71.028,3,6.6,4,21,True
195,2004-05-01 07:56:00,24.081,121.611,2,5.2,5,7,True
196,2004-05-08 20:11:00,30.125999999999998,67.12100000000001,1,4.4,5,20,True
197,2004-05-28 12:38:00,36.27,51.575,35,6.3,5,12,True
198,2004-07-01 22:30:00,39.799,43.778,18,5.2,7,22,True
199,2004-07-12 13:04:00,46.29600000000001,13.640999999999998,1,5.2,7,13,True
200,2004-07-15 04:27:00,-17.656,-178.76,0,7.1,7,4,False
201,2004-07-18 04:22:00,-38.0,176.51,1,5.6,7,4,True
202,2004-07-18 08:31:00,33.426,69.524,2,5.2,7,8,True
203,2004-07-25 14:35:00,-2.455,103.977,0,7.3,7,14,False
204,2004-07-30 07:14:00,39.634,43.966,1,4.8,7,7,True
205,2004-08-10 10:26:00,27.266,103.87299999999999,4,5.4,8,10,True
206,2004-08-11 15:48:00,38.376999999999995,39.260999999999996,1,5.7,8,15,True
207,2004-09-05 10:07:00,33.062,136.608,0,7.2,9,10,False
208,2004-09-05 14:57:00,33.216,137.061,0,7.4,9,14,False
209,2004-09-07 11:53:00,-28.573,-65.84,1,6.4,9,11,True
210,2004-09-15 08:35:00,-8.773,115.35700000000001,1,5.4,9,8,True
211,2004-10-23 08:56:00,37.231,138.753,46,6.6,10,8,True
212,2004-11-11 21:26:00,-8.172,124.85600000000001,34,7.5,11,21,True
213,2004-11-15 09:06:00,4.678999999999999,-77.51100000000001,0,7.2,11,9,False
214,2004-11-20 08:07:00,9.581,-84.228,8,6.4,11,8,True
215,2004-11-21 11:41:00,15.699000000000002,-61.653999999999996,1,6.3,11,11,True
216,2004-11-22 20:26:00,-46.693999999999996,164.77700000000002,0,7.1,11,20,False
217,2004-11-26 02:25:00,-3.573,135.346,32,7.1,11,2,True
218,2004-11-28 18:32:00,42.995,145.056,0,7.0,11,18,False
219,2004-12-01 23:17:00,-3.665,135.528,1,5.5,12,23,True
220,2004-12-23 14:59:00,-50.145,160.365,0,8.1,12,14,False
221,2004-12-26 00:58:00,3.3160000000000003,95.854,227898,9.1,12,0,True
222,2004-12-26 04:21:00,6.91,92.958,0,7.1,12,4,False
223,2005-01-23 20:10:00,-1.198,119.93299999999999,1,6.3,1,20,True
224,2005-01-25 16:44:00,37.622,43.703,2,5.9,1,16,True
225,2005-02-02 05:55:00,-7.037000000000001,107.819,1,4.8,2,5,True
226,2005-02-05 12:23:00,5.358,123.209,2,7.1,2,12,True
227,2005-02-22 02:25:00,30.741,56.876999999999995,612,6.4,2,2,True
228,2005-03-02 10:42:00,-6.527,129.933,0,7.1,3,10,False
229,2005-03-09 10:15:00,-26.913,26.789,2,5.0,3,10,True
230,2005-03-20 01:53:00,33.805,130.078,1,6.6,3,1,True
231,2005-03-28 16:09:00,2.074,97.01299999999999,1313,8.6,3,16,True
232,2005-05-03 07:21:00,33.711,48.685,4,4.9,5,7,True
233,2005-06-04 14:50:00,-6.319,146.846,1,6.1,6,14,True
234,2005-06-13 22:44:00,-19.934,-69.028,11,7.8,6,22,True
235,2005-06-15 02:50:00,41.284,-125.98299999999999,0,7.2,6,2,False
236,2005-07-05 16:53:00,-26.47,27.43,1,2.7,7,16,True
237,2005-07-24 15:42:00,7.909,92.139,0,7.3,7,15,False
238,2005-07-25 15:43:00,46.827,125.05799999999999,1,5.0,7,15,True
239,2005-08-16 02:46:00,38.251,142.059,0,7.2,8,2,False
240,2005-09-09 07:26:00,-4.539,153.445,0,7.7,9,7,False
241,2005-09-26 01:55:00,-5.6739999999999995,-76.40899999999999,5,7.5,9,1,True
242,2005-10-08 03:50:00,34.493,73.62899999999999,87351,7.6,10,3,True
243,2005-10-15 04:24:00,34.014,74.003,2,5.2,10,4,True
244,2005-10-20 21:40:00,38.152,26.750999999999998,1,5.9,10,21,True
245,2005-10-27 11:18:00,23.604,107.79799999999999,1,4.2,10,11,True
246,2005-11-08 07:54:00,9.972999999999999,108.287,1,5.3,11,7,True
247,2005-11-14 21:38:00,38.101,144.925,0,7.0,11,21,False
248,2005-11-26 00:49:00,29.671,115.68799999999999,16,5.2,11,0,True
249,2005-11-27 10:22:00,26.784000000000002,55.847,13,6.0,11,10,True
250,2005-12-05 12:19:00,-6.1739999999999995,29.717,6,6.8,12,12,True
251,2005-12-12 21:47:00,36.332,71.13,5,6.6,12,21,True
252,2005-12-14 07:09:00,30.476,79.255,1,5.1,12,7,True
253,2006-01-02 06:10:00,-60.806999999999995,-21.474,0,7.4,1,6,False
254,2006-01-02 22:13:00,-19.926,-178.178,0,7.2,1,22,False
255,2006-01-27 16:58:00,-5.482,128.093,0,7.6,1,16,False
256,2006-02-14 00:55:00,27.355,88.355,2,5.3,2,0,True
257,2006-02-22 22:19:00,-21.259,33.48,4,7.0,2,22,True
258,2006-03-10 07:50:00,33.129,73.887,1,4.9,3,7,True
259,2006-03-14 06:57:00,-3.593,127.211,3,6.7,3,6,True
260,2006-03-20 19:44:00,36.623000000000005,5.327999999999999,4,5.2,3,19,True
261,2006-03-25 07:28:00,27.574,55.685,1,5.9,3,7,True
262,2006-03-31 01:17:00,33.580999999999996,48.794,70,6.1,3,1,True
263,2006-04-20 23:25:00,61.075,167.085,0,7.6,4,23,False
264,2006-04-25 11:26:00,-41.163999999999994,146.863,1,2.2,4,11,True
265,2006-05-03 15:26:00,-20.13,-174.16400000000002,0,8.0,5,15,False
266,2006-05-16 10:39:00,-31.526999999999997,-179.303,0,7.4,5,10,False
267,2006-05-26 22:53:00,-7.962000000000001,110.458,5782,6.3,5,22,True
268,2006-06-03 07:15:00,26.759,55.843,2,5.1,6,7,True
269,2006-07-17 08:19:00,-9.222000000000001,107.32,730,7.7,7,8,True
270,2006-07-22 01:10:00,27.995,104.13799999999999,22,4.9,7,1,True
271,2006-07-29 00:11:00,37.255,68.828,3,5.6,7,0,True
272,2006-08-20 03:41:00,-61.006,-34.391,0,7.0,8,3,False
273,2006-08-25 05:51:00,28.011999999999997,104.15100000000001,1,5.0,8,5,True
274,2006-09-29 18:23:00,10.763,-61.806999999999995,1,5.5,9,18,True
275,2006-11-15 11:14:00,46.607,153.23,0,8.3,11,11,False
276,2006-12-01 14:01:00,-8.261000000000001,118.75299999999999,1,6.3,12,14,True
277,2006-12-17 21:39:00,0.626,99.859,7,5.8,12,21,True
278,2006-12-26 12:26:00,21.825,120.538,2,7.1,12,12,True
279,2007-01-13 04:23:00,46.272,154.455,0,8.1,1,4,False
280,2007-01-21 11:27:00,1.222,126.395,4,7.5,1,11,True
281,2007-03-06 03:49:00,-0.512,100.524,67,6.4,3,3,True
282,2007-03-25 00:40:00,-20.666,169.426,0,7.1,3,0,False
283,2007-03-25 00:41:00,37.281,136.602,1,6.7,3,0,True
284,2007-04-01 20:39:00,-8.481,156.97799999999998,54,8.1,4,20,True
285,2007-04-21 17:53:00,-45.273999999999994,-72.604,3,6.2,4,17,True
286,2007-06-02 21:34:00,23.013,101.053,3,6.2,6,21,True
287,2007-07-16 01:13:00,37.576,138.469,9,6.6,7,1,True
288,2007-07-21 22:44:00,38.936,70.485,12,5.2,7,22,True
289,2007-08-01 17:08:00,-15.735999999999999,167.745,0,7.2,8,17,False
290,2007-08-02 02:37:00,47.11600000000001,141.798,2,6.2,8,2,True
291,2007-08-08 17:04:00,-5.968,107.655,0,7.5,8,17,False
292,2007-08-15 23:40:00,-13.354000000000001,-76.509,519,8.0,8,23,True
293,2007-09-02 01:05:00,-11.61,165.762,0,7.2,9,1,False
294,2007-09-12 11:10:00,-4.52,101.374,25,8.5,9,11,True
295,2007-09-12 23:49:00,-2.506,100.906,0,7.9,9,23,False
296,2007-09-13 03:35:00,-2.13,99.62700000000001,0,7.0,9,3,False
297,2007-09-28 13:38:00,21.98,142.685,0,7.5,9,13,False
298,2007-09-30 05:23:00,-49.418,163.954,0,7.4,9,5,False
299,2007-10-26 06:50:00,35.321,76.646,1,5.3,10,6,True
300,2007-10-31 03:30:00,18.854,145.315,0,7.2,10,3,False
301,2007-11-06 09:38:00,21.127,70.538,1,5.0,11,9,True
302,2007-11-07 04:12:00,9.714,124.669,1,5.0,11,4,True
303,2007-11-14 15:40:00,-22.204,-69.869,2,7.7,11,15,True
304,2007-11-25 16:02:00,-8.294,118.36,3,6.5,11,16,True
305,2007-11-29 19:00:00,14.943,-61.244,1,7.4,11,19,True
306,2007-12-09 02:03:00,-15.049000000000001,-44.199,1,4.9,12,2,True
307,2007-12-09 07:28:00,-25.872,-177.517,0,7.8,12,7,False
308,2007-12-19 09:30:00,51.495,-179.47299999999998,0,7.2,12,9,False
309,2007-12-20 07:55:00,-38.842,177.93,1,6.6,12,7,True
310,2008-01-09 22:24:00,35.616,-0.57,1,4.6,1,22,True
311,2008-01-22 17:14:00,1.011,97.436,1,6.1,1,17,True
312,2008-02-03 07:34:00,-2.318,28.945,44,5.9,2,7,True
313,2008-02-06 06:09:00,23.468000000000004,87.116,1,4.3,2,6,True
314,2008-02-14 02:07:00,-2.294,28.875999999999998,1,5.4,2,2,True
315,2008-02-20 08:08:00,2.778,95.978,3,7.4,2,8,True
316,2008-02-25 08:36:00,-2.352,100.01799999999999,0,7.2,2,8,False
317,2008-03-20 22:33:00,35.445,81.392,0,7.2,3,22,False
318,2008-04-09 12:46:00,-20.089000000000002,168.852,0,7.3,4,12,False
319,2008-04-12 00:30:00,-55.681000000000004,158.52700000000002,0,7.1,4,0,False
320,2008-05-12 06:28:00,30.986,103.36399999999999,69197,7.9,5,6,True
321,2008-05-24 19:20:00,4.447,-73.67,11,5.6,5,19,True
322,2008-05-25 08:21:00,32.586999999999996,105.42399999999999,8,6.0,5,8,True
323,2008-06-06 20:02:00,35.883,-0.6579999999999999,1,5.5,6,20,True
324,2008-06-08 12:25:00,38.0,21.468000000000004,2,6.4,6,12,True
325,2008-06-13 23:43:00,39.122,140.678,13,6.9,6,23,True
326,2008-06-17 05:51:00,32.760999999999996,105.554,2,4.8,6,5,True
327,2008-06-30 06:17:00,-58.169,-22.014,0,7.0,6,6,False
328,2008-07-05 02:12:00,53.888000000000005,152.869,0,7.7,7,2,False
329,2008-07-08 09:13:00,-15.886,-71.727,1,6.2,7,9,True
330,2008-07-15 03:26:00,35.8,27.86,1,6.4,7,3,True
331,2008-07-19 02:39:00,37.552,142.20600000000002,0,7.0,7,2,False
332,2008-07-23 15:26:00,39.802,141.463,1,6.8,7,15,True
333,2008-07-24 07:09:00,32.747,105.542,1,5.7,7,7,True
334,2008-08-05 09:49:00,32.756,105.494,4,6.0,8,9,True
335,2008-08-21 12:24:00,25.039,97.697,5,6.0,8,12,True
336,2008-08-30 08:30:00,26.241,101.889,43,6.0,8,8,True
337,2008-08-31 08:31:00,26.232,101.97,2,5.6,8,8,True
338,2008-09-09 03:07:00,-3.872,103.069,2,5.4,9,3,True
339,2008-09-10 11:00:00,26.823,55.825,7,6.1,9,11,True
340,2008-09-16 21:47:00,17.438,73.915,1,5.0,9,21,True
341,2008-09-29 15:19:00,-29.749000000000002,-177.678,0,7.0,9,15,False
342,2008-10-05 15:52:00,39.515,73.768,75,6.7,10,15,True
343,2008-10-06 08:30:00,29.761,90.32,10,6.4,10,8,True
344,2008-10-11 09:06:00,43.372,46.254,13,5.8,10,9,True
345,2008-10-28 23:09:00,30.656,67.361,215,6.4,10,23,True
346,2008-11-16 17:02:00,1.29,122.1,6,7.4,11,17,True
347,2008-11-22 22:27:00,49.913999999999994,18.455,2,4.1,11,22,True
348,2008-11-24 09:02:00,54.193999999999996,154.315,0,7.3,11,9,False
349,2008-12-09 18:53:00,32.518,105.395,2,5.1,12,18,True
350,2009-01-03 19:43:00,-0.408,132.886,5,7.7,1,19,True
351,2009-01-03 22:33:00,-0.7070000000000001,133.361,5,7.4,1,22,True
352,2009-01-04 05:10:00,34.196999999999996,70.065,1,4.3,1,5,True
353,2009-01-08 19:21:00,10.197000000000001,-84.15899999999999,34,6.1,1,19,True
354,2009-01-15 17:49:00,46.861999999999995,155.156,0,7.4,1,17,False
355,2009-02-11 17:34:00,3.9019999999999997,126.4,0,7.2,2,17,False
356,2009-02-18 21:53:00,-27.464000000000002,-176.324,0,7.0,2,21,False
357,2009-03-19 18:17:00,-23.05,-174.668,0,7.6,3,18,False
358,2009-04-06 01:32:00,42.333999999999996,13.334000000000001,308,6.3,4,1,True
359,2009-04-07 17:47:00,42.275,13.464,1,5.5,4,17,True
360,2009-04-16 21:27:00,34.185,70.07600000000001,22,5.4,4,21,True
361,2009-05-28 08:24:00,16.733,-86.22,7,7.3,5,8,True
362,2009-06-13 17:17:00,44.725,78.866,1,5.4,6,17,True
363,2009-07-09 11:19:00,25.636,101.08200000000001,1,5.7,7,11,True
364,2009-07-15 09:22:00,-45.75,166.577,0,7.8,7,9,False
365,2009-08-08 13:26:00,29.358,105.43799999999999,2,3.7,8,13,True
366,2009-08-09 10:55:00,33.122,138.026,0,7.1,8,10,False
367,2009-08-10 19:55:00,14.013,92.92299999999999,0,7.5,8,19,False
368,2009-08-10 20:07:00,34.778,138.276,1,6.1,8,20,True
369,2009-09-02 07:55:00,-7.809,107.259,79,7.0,9,7,True
370,2009-09-21 08:53:00,27.346,91.412,11,6.1,9,8,True
371,2009-09-29 17:48:00,-15.509,-172.03400000000002,189,8.1,9,17,True
372,2009-09-30 10:16:00,-0.725,99.85600000000001,1115,7.6,9,10,True
373,2009-10-01 01:52:00,-2.508,101.484,3,6.6,10,1,True
374,2009-10-07 22:03:00,-13.052,166.187,0,7.7,10,22,False
375,2009-10-07 22:18:00,-12.554,166.32,0,7.8,10,22,False
376,2009-10-07 23:13:00,-13.145,166.297,0,7.4,10,23,False
377,2009-10-22 19:51:00,36.516999999999996,70.95,5,6.2,10,19,True
378,2009-11-08 19:41:00,-8.27,118.633,2,6.6,11,19,True
379,2009-11-09 10:44:00,-17.212,178.41299999999998,0,7.3,11,10,False
380,2009-12-06 21:51:00,-26.414,27.494,2,3.5,12,21,True
381,2009-12-08 03:08:00,-9.948,33.878,1,5.9,12,3,True
382,2009-12-19 23:19:00,-10.107999999999999,33.818000000000005,3,6.0,12,23,True
383,2010-01-03 22:36:00,-8.8,157.37,0,7.1,1,22,False
384,2010-01-10 00:25:00,-7.907,107.87899999999999,1,5.1,1,0,True
385,2010-01-12 21:53:00,18.442999999999998,-72.571,160000,7.0,1,21,True
386,2010-01-17 09:37:00,25.558000000000003,105.804,7,4.4,1,9,True
387,2010-01-30 21:36:00,30.268,105.66799999999999,1,5.1,1,21,True
388,2010-02-26 20:31:00,25.901999999999997,128.417,0,7.0,2,20,False
389,2010-02-27 06:34:00,-35.909,-72.733,525,8.8,2,6,True
390,2010-02-27 15:45:00,-24.872,-65.602,2,6.3,2,15,True
391,2010-03-08 02:32:00,38.873000000000005,39.981,42,6.1,3,2,True
392,2010-03-11 14:39:00,-34.259,-71.929,1,6.9,3,14,True
393,2010-04-04 22:40:00,32.259,-115.287,4,7.2,4,22,True
394,2010-04-06 22:15:00,2.36,97.132,0,7.8,4,22,False
395,2010-04-13 23:49:00,33.224000000000004,96.666,2698,6.9,4,23,True
396,2010-04-18 20:28:00,35.633,67.658,11,5.6,4,20,True
397,2010-05-09 05:59:00,3.747,96.01299999999999,0,7.2,5,5,False
398,2010-05-14 12:29:00,35.9,4.12,2,5.2,5,12,True
399,2010-05-27 17:14:00,-13.71,166.507,0,7.1,5,17,False
400,2010-06-12 19:26:00,7.848,91.919,0,7.5,6,19,False
401,2010-06-16 03:16:00,-2.171,136.549,17,7.0,6,3,True
402,2010-06-30 07:22:00,16.527,-97.76,1,6.2,6,7,True
403,2010-07-18 13:34:00,-5.939,150.572,0,7.3,7,13,False
404,2010-07-20 19:38:00,27.022,53.861000000000004,1,5.8,7,19,True
405,2010-07-23 22:08:00,6.699,123.475,0,7.3,7,22,False
406,2010-07-23 22:51:00,6.47,123.53200000000001,0,7.6,7,22,False
407,2010-07-23 23:15:00,6.792000000000001,123.28200000000001,0,7.4,7,23,False
408,2010-08-04 22:01:00,-5.768,150.776,0,7.0,8,22,False
409,2010-08-10 05:23:00,-17.561,168.028,0,7.3,8,5,False
410,2010-08-12 11:54:00,-1.26,-77.312,0,7.1,8,11,False
411,2010-08-27 19:23:00,35.49,54.47,3,5.8,8,19,True
412,2010-09-03 16:35:00,-43.53,172.12,0,7.0,9,16,False
413,2010-09-27 11:22:00,29.636999999999997,51.666000000000004,1,5.9,9,11,True
414,2010-09-29 17:11:00,-4.92,133.783,0,7.2,9,17,False
415,2010-10-10 21:44:00,33.869,72.887,1,5.2,10,21,True
416,2010-10-25 14:42:00,-3.484,100.11399999999999,408,7.7,10,14,True
417,2010-11-03 00:56:00,43.718,20.624000000000002,2,5.3,11,0,True
418,2010-12-20 18:41:00,28.491,59.117,11,6.5,12,18,True
419,2010-12-21 17:19:00,26.892,143.726,0,7.4,12,17,False
420,2010-12-25 13:16:00,-19.775,167.895,0,7.3,12,13,False
421,2011-01-01 09:56:00,-26.794,-63.07899999999999,0,7.0,1,9,False
422,2011-01-02 20:20:00,-38.354,-73.275,0,7.1,1,20,False
423,2011-01-13 16:16:00,-20.622,168.459,0,7.0,1,16,False
424,2011-01-18 20:23:00,28.732,63.928000000000004,3,7.2,1,20,True
425,2011-02-04 13:53:00,24.618000000000002,94.68,1,6.2,2,13,True
426,2011-02-21 23:51:00,-43.583,172.68,185,6.1,2,23,True
427,2011-03-09 02:45:00,38.44,142.84,0,7.3,3,2,False
428,2011-03-10 04:58:00,24.726999999999997,97.59700000000001,26,5.5,3,4,True
429,2011-03-11 05:46:00,38.297,142.372,18184,9.0,3,5,True
430,2011-03-11 06:15:00,36.281,141.111,18184,7.9,3,6,True
431,2011-03-11 06:25:00,38.106,144.553,18184,7.1,3,6,True
432,2011-03-24 13:55:00,20.686999999999998,99.822,150,6.9,3,13,True
433,2011-04-07 14:32:00,38.253,141.64,4,7.1,4,14,True
434,2011-04-11 08:16:00,37.007,140.477,4,7.1,4,8,True
435,2011-05-11 16:47:00,37.699,-1.673,9,5.1,5,16,True
436,2011-05-19 20:15:00,39.137,29.074,2,5.8,5,20,True
437,2011-06-13 02:20:00,-43.58,172.74,1,6.0,6,2,True
438,2011-06-24 03:09:00,52.008,-171.859,0,7.2,6,3,False
439,2011-06-29 23:21:00,36.064,137.735,1,4.7,6,23,True
440,2011-07-06 19:03:00,-29.311999999999998,-176.204,0,7.6,7,19,False
441,2011-07-10 00:57:00,38.04,143.287,0,7.0,7,0,False
442,2011-07-19 19:35:00,40.150999999999996,71.426,14,6.1,7,19,True
443,2011-08-20 16:55:00,-18.26,168.06900000000002,0,7.1,8,16,False
444,2011-08-20 18:19:00,-18.287,168.132,0,7.0,8,18,False
445,2011-09-03 22:55:00,-20.585,169.696,0,7.0,9,22,False
446,2011-09-05 17:55:00,2.958,97.916,10,6.6,9,17,True
447,2011-09-15 19:31:00,-21.559,-179.36900000000003,0,7.3,9,19,False
448,2011-09-18 12:40:00,27.723000000000003,88.064,111,6.9,9,12,True
449,2011-09-19 18:34:00,14.332,-90.14200000000001,3,5.8,9,18,True
450,2011-10-21 17:57:00,-28.998,-176.183,0,7.4,10,17,False
451,2011-10-23 10:41:00,38.691,43.497,604,7.1,10,10,True
452,2011-10-28 18:54:00,-14.515,-76.009,1,6.9,10,18,True
453,2011-10-29 00:43:00,27.449,88.684,2,3.5,10,0,True
454,2011-11-09 19:23:00,38.429,43.229,40,5.6,11,19,True
455,2011-12-11 01:47:00,18.038,-99.796,3,6.5,12,1,True
456,2011-12-14 05:04:00,-7.518,146.767,0,7.1,12,5,False
457,2012-01-10 18:36:00,2.452,93.209,0,7.2,1,18,False
458,2012-02-02 13:34:00,-17.766,167.13400000000001,0,7.1,2,13,False
459,2012-02-06 03:49:00,9.964,123.24600000000001,51,6.7,2,3,True
460,2012-03-14 12:05:00,35.687,140.695,1,6.0,3,12,True
461,2012-03-20 18:02:00,16.662,-98.18799999999999,2,7.4,3,18,True
462,2012-03-25 22:37:00,-35.183,-71.792,1,7.1,3,22,True
463,2012-04-11 08:38:00,2.311,93.06299999999999,10,8.6,4,8,True
464,2012-04-11 10:43:00,0.773,92.45200000000001,10,8.2,4,10,True
465,2012-04-17 03:50:00,-32.701,-71.484,2,6.7,4,3,True
466,2012-05-07 04:40:00,41.541000000000004,46.766000000000005,2,5.6,5,4,True
467,2012-05-12 23:28:00,38.611999999999995,70.354,1,5.6,5,23,True
468,2012-05-20 02:03:00,44.8,11.192,7,6.0,5,2,True
469,2012-05-22 00:00:00,42.68600000000001,23.009,1,5.6,5,0,True
470,2012-05-29 07:00:00,44.81399999999999,11.079,20,5.8,5,7,True
471,2012-06-11 05:29:00,36.082,69.316,75,5.7,6,5,True
472,2012-06-24 07:59:00,27.767,100.76799999999999,4,5.5,6,7,True
473,2012-07-20 12:11:00,32.99,119.645,1,4.9,7,12,True
474,2012-07-25 00:27:00,2.657,96.126,1,6.4,7,0,True
475,2012-08-11 12:23:00,38.321999999999996,46.888000000000005,306,6.4,8,12,True
476,2012-08-14 02:59:00,49.784,145.126,0,7.7,8,2,False
477,2012-08-18 09:41:00,-1.3430000000000002,120.103,6,6.3,8,9,True
478,2012-08-27 04:37:00,12.277999999999999,-88.52799999999999,0,7.3,8,4,False
479,2012-08-31 12:47:00,10.838,126.704,1,7.6,8,12,True
480,2012-09-05 14:42:00,10.086,-85.305,2,7.6,9,14,True
481,2012-09-07 03:19:00,27.541,103.973,81,5.6,9,3,True
482,2012-09-07 04:16:00,27.581999999999997,103.99,81,5.6,9,4,True
483,2012-09-30 16:31:00,1.916,-76.355,0,7.3,9,16,False
484,2012-10-25 23:05:00,39.855,16.044,1,5.3,10,23,True
485,2012-10-28 03:04:00,52.769,-131.92700000000002,0,7.7,10,3,False
486,2012-11-07 16:35:00,14.083,-91.916,39,7.4,11,16,True
487,2012-11-11 01:12:00,23.014,95.883,26,6.8,11,1,True
488,2012-12-05 17:08:00,33.49,59.553999999999995,8,5.6,12,17,True
489,2012-12-07 08:18:00,37.889,144.09,3,7.3,12,8,True
490,2012-12-10 16:53:00,-6.54,129.815,0,7.1,12,16,False
491,2013-01-05 08:58:00,55.238,-134.77700000000002,0,7.5,1,8,False
492,2013-01-21 22:22:00,4.961,96.083,1,5.9,1,22,True
493,2013-01-30 20:15:00,-28.180999999999997,-70.8,1,6.8,1,20,True
494,2013-02-06 01:12:00,-10.738,165.138,13,8.0,2,1,True
495,2013-02-06 01:23:00,-11.254000000000001,164.93200000000002,13,7.1,2,1,True
496,2013-02-06 01:54:00,-10.479000000000001,165.77200000000002,13,7.0,2,1,True
497,2013-02-08 15:26:00,-10.932,166.021,0,7.1,2,15,False
498,2013-03-27 02:03:00,23.84,121.135,1,6.0,3,2,True
499,2013-04-06 04:42:00,-3.5260000000000002,138.466,0,7.0,4,4,False
500,2013-04-09 11:52:00,28.5,51.591,37,6.4,4,11,True
501,2013-04-16 10:44:00,28.107,62.053000000000004,35,7.7,4,10,True
502,2013-04-19 03:05:00,46.181999999999995,150.796,0,7.2,4,3,False
503,2013-04-20 00:02:00,30.284000000000002,102.956,193,6.6,4,0,True
504,2013-04-24 09:25:00,34.516999999999996,70.207,18,5.6,4,9,True
505,2013-05-01 06:57:00,33.1,75.83800000000001,2,5.4,5,6,True
506,2013-05-11 02:08:00,26.712,57.886,1,6.1,5,2,True
507,2013-05-23 17:19:00,-23.025,-177.109,0,7.4,5,17,False
508,2013-05-24 05:44:00,54.873999999999995,153.281,0,8.3,5,5,False
509,2013-06-02 05:43:00,23.794,121.133,4,6.2,6,5,True
510,2013-07-02 07:37:00,4.698,96.68700000000001,35,6.1,7,7,True
511,2013-07-07 18:35:00,-3.923,153.92,0,7.3,7,18,False
512,2013-07-15 14:03:00,-60.868,-25.144000000000002,0,7.3,7,14,False
513,2013-07-21 23:45:00,34.499,104.243,95,5.9,7,23,True
514,2013-08-30 16:25:00,51.61,-175.361,0,7.0,8,16,False
515,2013-08-31 00:04:00,28.229,99.37,5,5.8,8,0,True
516,2013-09-07 00:13:00,14.606,-92.12100000000001,1,6.4,9,0,True
517,2013-09-24 11:29:00,26.971,65.52,825,7.7,9,11,True
518,2013-09-25 16:42:00,-15.839,-74.509,3,7.1,9,16,True
519,2013-09-28 07:34:00,27.263,65.587,22,6.8,9,7,True
520,2013-10-15 00:12:00,9.88,124.117,222,7.1,10,0,True
521,2013-10-22 05:40:00,5.103,95.971,1,5.4,10,5,True
522,2013-10-25 17:10:00,37.149,144.679,0,7.1,10,17,False
523,2013-11-17 09:04:00,-60.273999999999994,-46.401,0,7.7,11,9,False
524,2013-11-25 06:27:00,-53.945,-55.003,0,7.0,11,6,False
525,2013-11-28 13:51:00,29.32,51.31,7,5.8,11,13,True
526,2014-01-02 03:13:00,27.15,54.448,1,5.2,1,3,True
527,2014-04-01 23:46:00,-19.642,-70.817,6,8.2,4,23,True
528,2014-04-03 02:43:00,-20.518,-70.498,0,7.7,4,2,False
529,2014-04-10 23:27:00,12.514000000000001,-86.37899999999999,2,6.1,4,23,True
530,2014-04-11 07:07:00,-6.625,155.064,1,7.1,4,7,True
531,2014-04-12 20:14:00,-11.315,162.211,0,7.6,4,20,False
532,2014-04-13 12:36:00,-11.450999999999999,162.069,0,7.4,4,12,False
533,2014-04-18 14:27:00,17.397000000000002,-100.97200000000001,0,7.2,4,14,False
534,2014-04-19 13:27:00,-6.72,154.93200000000002,0,7.5,4,13,False
535,2014-05-05 11:08:00,19.656,99.67,1,6.1,5,11,True
536,2014-05-08 22:51:00,26.386999999999997,68.358,2,4.5,5,22,True
537,2014-06-23 20:53:00,51.797,178.76,0,7.9,6,20,False
538,2014-07-07 11:23:00,14.724,-92.461,5,6.9,7,11,True
539,2014-08-01 04:11:00,36.851,3.161,6,5.6,8,4,True
540,2014-08-03 08:30:00,27.189,103.40899999999999,617,6.2,8,8,True
541,2014-08-05 10:22:00,-26.971999999999998,26.709,1,5.4,8,10,True
542,2014-08-12 19:58:00,-0.018000000000000002,-78.322,4,5.1,8,19,True
543,2014-08-24 10:20:00,38.215,-122.31200000000001,1,6.0,8,10,True
544,2014-09-28 02:35:00,-13.814,-71.744,8,4.9,9,2,True
545,2014-10-07 13:49:00,23.386,100.48700000000001,1,6.0,10,13,True
546,2014-10-09 02:14:00,-32.108000000000004,-110.811,0,7.0,10,2,False
547,2014-10-14 03:51:00,12.526,-88.12299999999999,1,7.3,10,3,True
548,2014-11-01 18:57:00,-19.698,-177.794,0,7.1,11,18,False
549,2014-11-15 02:31:00,1.9280000000000002,126.54700000000001,0,7.1,11,2,False
550,2014-11-22 08:55:00,30.343000000000004,101.72,5,5.9,11,8,True
551,2014-12-06 10:20:00,23.358,100.53299999999999,1,5.6,12,10,True
552,2015-02-13 18:59:00,52.669,-31.924,0,7.1,2,18,False
553,2015-02-27 13:45:00,-7.287999999999999,122.53200000000001,0,7.0,2,13,False
554,2015-03-29 23:48:00,-4.76,152.556,0,7.5,3,23,False
555,2015-04-20 01:42:00,24.194000000000003,122.32700000000001,1,6.4,4,1,True
556,2015-04-25 06:11:00,28.147,84.708,9018,7.8,4,6,True
557,2015-05-05 01:44:00,-5.465,151.886,0,7.5,5,1,False
558,2015-05-07 07:10:00,-7.226,154.55100000000002,0,7.1,5,7,False
559,2015-05-12 07:05:00,27.837,86.07700000000001,218,7.3,5,7,True
560,2015-05-30 11:23:00,27.831,140.493,0,7.8,5,11,False
561,2015-06-04 23:15:00,5.982,116.539,18,6.0,6,23,True
562,2015-06-17 12:51:00,-35.361999999999995,-17.392,0,7.0,6,12,False
563,2015-07-03 01:07:00,37.46,78.125,3,6.4,7,1,True
564,2015-07-18 02:27:00,-10.444,165.172,0,7.0,7,2,False
565,2015-07-24 20:59:00,33.884,73.225,3,5.1,7,20,True
566,2015-07-27 21:41:00,-2.6830000000000003,138.50799999999998,1,7.0,7,21,True
567,2015-08-07 01:25:00,-2.141,28.897,1,5.8,8,1,True
568,2015-09-16 22:54:00,-31.57,-71.654,14,8.3,9,22,True
569,2015-09-16 23:18:00,-31.587,-71.431,0,7.0,9,23,False
570,2015-10-17 11:33:00,-25.467,-64.484,1,5.8,10,11,True
571,2015-10-20 21:52:00,-14.842,167.30599999999998,0,7.1,10,21,False
572,2015-10-26 09:09:00,36.525999999999996,70.362,398,7.5,10,9,True
573,2015-11-07 06:58:00,8.477,-71.365,1,5.3,11,6,True
574,2015-11-17 07:10:00,38.755,20.552,2,6.5,11,7,True
575,2015-11-22 20:38:00,8.531,-71.395,1,5.3,11,20,True
576,2015-11-23 20:41:00,17.077,-98.8,2,5.5,11,20,True
577,2015-11-24 22:45:00,-10.548,-70.904,0,7.6,11,22,False
578,2015-11-24 22:50:00,-10.048,-71.023,0,7.6,11,22,False
579,2015-12-04 22:25:00,-47.617,85.09100000000001,0,7.1,12,22,False
580,2015-12-07 07:50:00,38.258,72.767,2,7.2,12,7,True
581,2015-12-25 19:14:00,36.5,71.132,4,6.3,12,19,True
582,2016-01-03 23:05:00,24.807,93.65100000000001,11,6.7,1,23,True
583,2016-01-24 10:30:00,59.605,-153.341,0,7.1,1,10,False
584,2016-01-25 04:22:00,35.649,-3.682,1,6.3,1,4,True
585,2016-01-30 03:25:00,54.007,158.506,0,7.2,1,3,False
586,2016-02-05 19:57:00,22.939,120.59299999999999,117,6.4,2,19,True
587,2016-03-02 12:49:00,-4.908,94.275,0,7.8,3,12,False
588,2016-04-10 10:28:00,36.492,71.156,6,6.6,4,10,True
589,2016-04-13 13:55:00,23.133000000000003,94.9,2,6.9,4,13,True
590,2016-04-14 12:26:00,32.788000000000004,130.704,9,6.2,4,12,True
591,2016-04-15 16:25:00,32.793,130.749,40,7.0,4,16,True
592,2016-04-16 23:58:00,0.35200000000000004,-79.926,673,7.8,4,23,True
593,2016-04-28 19:33:00,-16.041,167.38,0,7.0,4,19,False
594,2016-05-18 16:46:00,0.498,-79.612,1,6.9,5,16,True
595,2016-05-28 09:46:00,-56.203,-26.893,0,7.2,5,9,False
596,2016-06-01 22:56:00,-2.097,100.665,1,6.6,6,22,True
597,2016-07-11 02:11:00,0.581,-79.638,2,6.3,7,2,True
598,2016-07-29 21:18:00,18.515,145.529,0,7.7,7,21,False
599,2016-08-01 04:46:00,39.958,47.975,1,5.0,8,4,True
600,2016-08-12 01:26:00,-22.495,173.111,0,7.2,8,1,False
601,2016-08-15 02:59:00,-15.657,-72.005,5,5.5,8,2,True
602,2016-08-19 07:32:00,-55.278999999999996,-31.874000000000002,0,7.4,8,7,False
603,2016-08-24 01:36:00,42.714,13.172,299,6.2,8,1,True
604,2016-08-24 10:34:00,20.919,94.579,4,6.8,8,10,True
605,2016-08-29 04:29:00,-0.040999999999999995,-17.826,0,7.1,8,4,False
606,2016-09-01 16:37:00,-37.359,179.146,0,7.0,9,16,False
607,2016-09-10 12:27:00,-1.03,31.56,23,5.9,9,12,True
608,2016-09-22 20:24:00,26.149,68.152,1,4.6,9,20,True
609,2016-09-23 16:11:00,-2.611,29.107,7,4.8,9,16,True
610,2016-09-28 16:48:00,12.446,-86.53399999999999,1,5.5,9,16,True
611,2016-10-01 08:04:00,34.949,73.631,2,5.4,10,8,True
612,2016-10-17 07:14:00,32.906,94.88,1,5.9,10,7,True
613,2016-10-26 19:18:00,42.934,13.043,3,6.1,10,19,True
614,2016-10-30 06:40:00,42.855,13.088,3,6.6,10,6,True
615,2016-11-13 11:02:00,-42.757,173.077,2,7.8,11,11,True
616,2016-11-24 18:43:00,11.96,-88.836,1,7.0,11,18,True
617,2016-11-25 14:24:00,39.238,74.047,1,6.6,11,14,True
618,2016-11-27 23:35:00,27.845,86.525,1,5.4,11,23,True
619,2016-11-29 20:09:00,51.626999999999995,16.157,8,4.3,11,20,True
620,2016-12-01 22:40:00,-15.321,-70.82300000000001,1,6.3,12,22,True
621,2016-12-06 22:03:00,5.281000000000001,96.10799999999999,104,6.5,12,22,True
622,2016-12-08 17:38:00,-10.675999999999998,161.33,1,7.8,12,17,True
623,2016-12-17 10:51:00,-4.5089999999999995,153.45,0,7.9,12,10,False
624,2016-12-19 07:11:00,0.816,-79.74,3,5.4,12,7,True
625,2016-12-25 14:22:00,-43.416000000000004,-73.88,0,7.6,12,14,False
626,2017-01-03 09:09:00,24.016,92.006,3,5.5,1,9,True
627,2017-01-06 02:33:00,28.205,53.11600000000001,4,5.3,1,2,True
628,2017-01-10 06:13:00,4.463,122.575,0,7.3,1,6,False
629,2017-01-18 10:14:00,42.601000000000006,13.241,34,5.7,1,10,True
630,2017-01-22 04:30:00,-6.2139999999999995,155.122,3,7.9,1,4,True
631,2017-02-10 14:03:00,9.907,125.45200000000001,8,6.5,2,14,True
632,2017-03-05 00:08:00,9.831,125.49600000000001,1,5.7,3,0,True
633,2017-03-13 14:19:00,17.415,96.01100000000001,2,5.1,3,14,True
634,2017-04-05 06:09:00,35.8,60.43600000000001,2,6.1,4,6,True
635,2017-04-10 23:53:00,13.753,-89.16,1,4.8,4,23,True
636,2017-05-10 21:58:00,37.659,75.253,8,5.4,5,21,True
637,2017-05-13 18:01:00,37.853,57.268,2,5.8,5,18,True
638,2017-05-25 09:55:00,-3.054,32.893,1,4.4,5,9,True
639,2017-06-12 12:28:00,38.931999999999995,26.364,1,6.3,6,12,True
640,2017-06-14 07:29:00,14.982000000000001,-91.988,5,6.9,6,7,True
641,2017-06-17 23:39:00,71.64,-52.343999999999994,4,4.2,6,23,True
642,2017-07-06 08:03:00,11.114,124.633,4,6.5,7,8,True
643,2017-07-17 23:34:00,54.466,168.822,0,7.7,7,23,False
644,2017-07-18 02:05:00,-16.402,-73.60300000000001,1,6.4,7,2,True
645,2017-07-20 22:31:00,36.923,27.415,2,6.6,7,22,True
646,2017-08-02 07:15:00,-33.209,-70.63600000000001,1,5.5,8,7,True
647,2017-08-08 13:19:00,33.193000000000005,103.855,24,6.5,8,13,True
648,2017-08-11 21:45:00,-16.298,-73.47399999999999,1,5.6,8,21,True
649,2017-08-21 18:57:00,40.78,13.945,2,4.2,8,18,True
650,2017-08-22 22:26:00,11.014000000000001,124.736,2,5.0,8,22,True
651,2017-09-08 04:49:00,15.022,-93.899,98,8.2,9,4,True
652,2017-09-19 18:14:00,18.584,-98.399,370,7.1,9,18,True
653,2017-09-23 12:53:00,16.737000000000002,-94.946,6,6.1,9,12,True
654,2017-10-31 11:50:00,-3.74,127.766,1,6.1,10,11,True
655,2017-11-12 18:18:00,34.905,45.956,630,7.3,11,18,True
656,2017-11-13 02:28:00,9.526,-84.505,3,6.5,11,2,True
657,2017-11-18 16:07:00,2.3819999999999997,128.144,1,5.9,11,16,True
658,2017-11-19 22:43:00,-21.334,168.683,0,7.0,11,22,False
659,2017-12-15 16:47:00,-7.734,108.023,4,6.5,12,16,True
660,2017-12-20 19:57:00,35.654,50.949,2,4.9,12,19,True
661,2017-12-26 21:24:00,35.692,50.9,1,4.0,12,21,True
662,2018-01-10 02:51:00,17.474,-83.51899999999999,0,7.5,1,2,False
663,2018-01-14 09:18:00,-15.776,-74.744,2,7.1,1,9,True
664,2018-01-23 06:34:00,-7.196000000000001,105.91799999999999,2,6.0,1,6,True
665,2018-01-23 09:31:00,56.04600000000001,-149.07299999999998,0,7.9,1,9,False
666,2018-01-31 07:07:00,36.543,70.816,2,6.1,1,7,True
667,2018-01-31 23:13:00,-1.756,-77.694,1,5.2,1,23,True
668,2018-02-06 15:50:00,24.174,121.65299999999999,17,6.4,2,15,True
669,2018-02-16 23:39:00,16.646,-97.65299999999999,14,7.2,2,23,True
670,2018-02-25 17:44:00,-6.149,142.766,160,7.5,2,17,True
671,2018-03-04 19:56:00,-6.307,142.62,11,6.0,3,19,True
672,2018-03-06 14:13:00,-6.294,142.607,25,6.7,3,14,True
673,2018-04-07 05:48:00,-5.841,142.49,4,6.3,4,5,True
674,2018-04-18 06:28:00,-7.246,109.62200000000001,3,4.6,4,6,True
675,2018-06-05 18:40:00,41.528999999999996,46.795,1,5.3,6,18,True
676,2018-06-12 09:35:00,1.032,-77.259,2,4.9,6,9,True
677,2018-06-17 22:58:00,34.829,135.638,4,5.5,6,22,True
678,2018-07-21 07:58:00,-0.965,100.771,1,5.2,7,7,True
679,2018-07-28 22:47:00,-8.274,116.491,20,6.4,7,22,True
680,2018-08-05 11:46:00,-8.263,116.439,513,6.9,8,11,True
681,2018-08-09 05:25:00,-8.394,116.208,6,5.9,8,5,True
682,2018-08-19 00:19:00,-18.178,-178.111,0,8.2,8,0,False
683,2018-08-19 04:10:00,-8.325,116.57700000000001,2,6.3,8,4,True
684,2018-08-19 14:56:00,-8.324,116.626,14,6.9,8,14,True
685,2018-08-21 21:31:00,10.855,-62.883,5,7.3,8,21,True
686,2018-08-24 09:04:00,-11.042,-70.817,0,7.1,8,9,False
687,2018-08-25 22:13:00,34.663000000000004,46.277,3,6.0,8,22,True
688,2018-08-29 03:51:00,-22.066,170.05,0,7.1,8,3,False
689,2018-09-05 18:07:00,42.67100000000001,141.933,41,6.6,9,18,True
690,2018-09-06 15:49:00,-18.475,179.345,0,7.9,9,15,False
691,2018-09-07 06:23:00,28.342,59.315,1,5.5,9,6,True
692,2018-09-12 04:50:00,26.374000000000002,90.165,1,5.3,9,4,True
693,2018-09-28 06:59:00,-0.401,119.771,1,6.1,9,6,True
694,2018-09-28 10:02:00,-0.256,119.846,4340,7.5,9,10,True
695,2018-10-07 00:11:00,20.041,-72.975,18,5.9,10,0,True
696,2018-10-10 18:44:00,-7.456,114.45299999999999,4,6.0,10,18,True
697,2018-10-10 20:48:00,-5.678,151.19799999999998,0,7.0,10,20,False
698,2018-11-14 23:01:00,-2.9160000000000004,119.435,7,5.6,11,23,True
699,2018-11-25 16:37:00,34.304,45.74,1,6.3,11,16,True
700,2018-11-30 17:29:00,61.346000000000004,-149.955,0,7.1,11,17,False
701,2018-12-05 04:18:00,-21.969,169.446,0,7.5,12,4,False
702,2018-12-11 02:26:00,-58.598,-26.465999999999998,0,7.1,12,2,False
703,2018-12-20 17:01:00,55.1,164.699,0,7.3,12,17,False
704,2018-12-29 03:39:00,5.974,126.82799999999999,0,7.0,12,3,False
705,2019-01-12 08:58:00,51.571999999999996,16.132,1,3.6,1,8,True
706,2019-01-20 01:32:00,-30.074,-71.423,2,6.7,1,1,True
707,2019-01-22 22:35:00,50.108000000000004,18.432000000000002,1,3.9,1,22,True
708,2019-01-26 12:32:00,2.99,-75.76899999999999,1,5.6,1,12,True
709,2019-02-22 10:17:00,-2.199,-77.023,1,7.5,2,10,True
710,2019-02-25 05:15:00,29.498,104.632,2,4.9,2,5,True
711,2019-03-01 08:50:00,-14.713,-70.155,1,7.0,3,8,True
712,2019-03-17 07:07:00,-8.418,116.521,6,5.6,3,7,True
713,2019-03-21 09:15:00,-7.877999999999999,32.085,1,5.5,3,9,True
714,2019-04-12 11:40:00,-1.8519999999999999,122.553,1,6.8,4,11,True
715,2019-04-18 05:01:00,23.989,121.693,1,6.1,4,5,True
716,2019-04-22 09:11:00,14.924000000000001,120.49700000000001,18,6.1,4,9,True
717,2019-05-06 21:19:00,-6.975,146.44899999999998,0,7.1,5,21,False
718,2019-05-14 12:58:00,-4.081,152.569,0,7.5,5,12,False
719,2019-05-26 07:41:00,-5.796,-75.298,2,8.0,5,7,True
720,2019-05-30 09:03:00,13.243,-89.272,1,6.6,5,9,True
721,2019-06-15 22:55:00,-30.805,-178.095,0,7.2,6,22,False
722,2019-06-17 14:55:00,28.405,104.95700000000001,13,5.8,6,14,True
723,2019-06-24 02:53:00,-6.388999999999999,129.22,0,7.3,6,2,False
724,2019-07-04 17:33:00,35.705,-117.506,1,6.4,7,17,True
725,2019-07-05 18:41:00,51.516999999999996,16.172,1,4.7,7,18,True
726,2019-07-06 03:19:00,35.77,-117.59899999999999,0,7.1,7,3,False
727,2019-07-08 07:00:00,31.775,49.542,1,5.7,7,7,True
728,2019-07-09 12:37:00,6.8020000000000005,125.169,1,5.6,7,12,True
729,2019-07-14 09:10:00,-0.529,128.093,14,7.3,7,9,True
730,2019-07-26 23:37:00,20.807,121.986,9,6.0,7,23,True
731,2019-08-02 12:03:00,-7.267,104.825,8,6.9,8,12,True
732,2019-08-07 21:28:00,24.475,121.947,1,5.9,8,21,True
733,2019-09-07 22:42:00,29.573,105.064,1,5.1,9,22,True
734,2019-09-24 11:01:00,33.106,73.766,40,5.6,9,11,True
735,2019-09-25 23:46:00,-3.45,128.347,41,6.5,9,23,True
736,2019-09-26 10:59:00,40.89,28.173000000000002,1,5.7,9,10,True
737,2019-09-26 16:36:00,-40.816,-72.003,1,6.1,9,16,True
738,2019-09-29 15:57:00,-35.473,-73.16199999999999,1,6.7,9,15,True
739,2019-10-03 13:01:00,50.21,18.826,1,2.8,10,13,True
740,2019-10-06 05:25:00,32.891,73.66199999999999,1,3.6,10,5,True
741,2019-10-10 04:39:00,-3.65,128.216,1,5.0,10,4,True
742,2019-10-16 11:37:00,6.712000000000001,125.005,7,6.4,10,11,True
743,2019-10-29 01:04:00,6.8020000000000005,125.04,24,6.6,10,1,True
744,2019-10-31 01:11:00,6.9079999999999995,125.15299999999999,24,6.5,10,1,True
745,2019-11-07 22:47:00,37.808,47.558,7,5.9,11,22,True
746,2019-11-12 10:10:00,-3.61,128.299,2,5.0,11,10,True
747,2019-11-14 16:17:00,1.629,126.414,1,7.1,11,16,True
748,2019-11-25 01:18:00,22.96,106.711,1,5.0,11,1,True
749,2019-11-26 02:54:00,41.521,19.559,52,6.4,11,2,True
750,2019-12-15 06:11:00,6.707999999999999,125.18799999999999,13,6.8,12,6,True
751,2020-01-07 08:24:00,17.916,-66.813,1,6.4,1,8,True
752,2020-01-10 22:26:00,17.935,-66.883,3,5.2,1,22,True
753,2020-01-19 13:27:00,39.830999999999996,77.10600000000001,1,6.0,1,13,True
754,2020-01-24 17:55:00,38.39,39.080999999999996,41,6.7,1,17,True
755,2020-01-28 19:10:00,19.44,-78.755,0,7.7,1,19,False
756,2020-02-13 10:33:00,45.631,148.929,0,7.0,2,10,False
757,2020-02-23 05:53:00,38.504,44.405,9,5.7,2,5,True
758,2020-03-22 05:24:00,45.897,15.966,1,5.4,3,5,True
759,2020-03-25 02:49:00,48.968999999999994,157.691,0,7.5,3,2,False
760,2020-05-07 20:18:00,35.745,52.025,2,4.6,5,20,True
761,2020-05-18 13:48:00,27.296,103.281,4,5.2,5,13,True
762,2020-06-07 05:27:00,-9.547,-78.676,1,4.5,6,5,True
763,2020-06-14 14:24:00,39.376,40.71,1,5.9,6,14,True
764,2020-06-18 12:49:00,-33.294000000000004,-177.838,0,7.4,6,12,False
765,2020-06-23 15:29:00,15.915999999999999,-95.95299999999999,10,7.4,6,15,True
766,2020-07-17 02:50:00,-7.843,147.766,1,7.0,7,2,True
767,2020-07-22 06:12:00,55.03,-158.52200000000002,0,7.8,7,6,False
768,2020-08-18 00:03:00,12.020999999999999,124.12299999999999,2,6.6,8,0,True
769,2020-10-19 20:54:00,54.617,-159.635,0,7.6,10,20,False
770,2020-10-27 19:43:00,-2.2430000000000003,119.09299999999999,1,5.4,10,19,True
771,2020-10-30 11:51:00,37.918,26.79,116,7.0,10,11,True
